game,release date
Minecraft ,2009-05-17
The Legend of Zelda: Breath of the Wild,2017-03-03
Call of Duty: WWII,2017-11-03
FIFA 17 ,2016-09-27
Assassin's Creed Origins,2017-10-27
Call of Duty: WWII,2017-03-03
Pokemon Sun/Moon,2016-11-18
Call of Duty: Infinite Warfare,2016-11-04
Super Mario Odyssey,2017-10-27
Mario Kart 8 Deluxe,2017-04-27
Battlefield 1,2016-10-21
1-2-Switch,2017-03-03
FIFA 18,2017-09-29
Overwatch,2016-05-24
Donkey Kong Country: Tropical Freeze ,2014-02-14
God of War,2018-04-20
Kirby,1993-03-23
Pokemon Ultra Sun and Ultra Moon,2017-11-17
NBA 2K17,2016-09-20
Star Wars Battlefront II,2017-11-17
Call of Duty: Infinite Warfare,2016-11-04
Battlefield 1 ,2016-10-21
Tom Clancy's Ghost Recon Wildlands ,2017-03-07
